"Linf";"K";"t_anchor";"C";"ts";"phiL"
45.3704465329647;0.765195161104202;0.569641947746277;0.571281835436821;0.357406407594681;3.19731832216807
44.7947394698858;0.748277470469475;0.50455005466938;0.387233346700668;0.497541487216949;3.176516699533
